89cbfdd45bedc347637f767d67372286fc56809c,2020-12-23 19:08:42 -0500,IEEE P2881 - Standard for Learning Metadata [WG][CS][modern][technology][paradigms]
7ed4cf1af16fb3796ce95bca3f31e2b2574d5ef8,2020-12-09 15:17:16 -0500,HackMD [Real-time] [collaborate] [documentation] [markdown] [Capture] [ideas] [Integration] [Extension] [Slide]
0f0993df018d1a38a29571b4e9be5cb5384dcebe,2020-11-17 20:46:04 -0500,Big-O Cheat Sheet [complexities][common][algorithms][CS][technical][interviews]
348825aadcde70c505e7415171ef3c0e38fbaad1,2020-11-02 10:12:30 -0500,Living Open Source Foundation [Sander Van Vugt][Africa][Zambia][communities][education][Slack][LinkedIn][YouTube]
484ece9b03e02ff03904decb7266e2a54ea1c5fd,2020-10-25 07:49:51 -0400,openFrameworks [open-source][c++][toolkit][creative][coding][community]
c7362c09fb3e7fbfafb2978b9bbd1abfb2431843,2020-10-24 17:59:02 -0400,excalidraw [hand-drawn-like][diagrams][JSON][JS][npm][Docker][react]
4e5ad56ca85166ab872477c520fb7c2599fd30fe,2020-10-23 18:34:46 -0400,The Civic Tech Field Guide [catalog][collection][curated][tools][projects][social][side][free]
cfd4341b31c88a3c40ae09bbe7b81146ee0f4bbb,2020-10-20 13:41:18 -0400,FabOS [open][real-time][distributed][secure][IA][Industry][IoT][Eclipse][Research][Europe]
673a129ee94a84f8c60d7c97870a1e6ea920f738,2020-10-17 14:27:46 -0400,Legal Hackers [org][global][chapters][intersection][law][technology][hackathons][workshops][issues][opportunities]
34261162040168fe299ccd00d091306ab8d7eb75,2020-10-16 13:34:06 -0400,1x Engineer [definition][qualities][opensource][manifest-format][https://svdictionary.com/words/10x-engineer]
f68efcc6505ed44b3ee2119416df962d1426dd21,2020-10-02 22:28:43 -0400,zipkin [distributed][tracing][open-source][observability][java][Elasticsearch][Cassandra]
95f9eb58bed443de1378b9bde62ed6b80f7d8e86,2020-10-02 19:42:25 -0400,Deno [Runtime][JS][RELP][Rust][Multi-platform][Serverless][AWS]
83cd25f395f96a5f8678b05a1ececbbd4cd47e7d,2020-09-23 23:32:13 -0400,MinIO [Object][Storage][Kubernetes][high-performance][Open-Source][AWS][S3]
486dfbcb10d3f0f89bb8d43e3c10d1c6dcdd8921,2020-09-21 12:35:13 -0400,web-ext [command-line][tool][extension][development][installation]
61a56726f51eb4b8ff8e004b19842c42878e4e85,2020-09-19 18:43:14 -0400,OpenJS Foundation [organization][opensource][goals][project][incubator][js][community]
578f3187a73db3d6310605c800a5362e6d357465,2020-09-16 18:56:30 -0400,Fastify [web][framework][NodeJS][low-overhead][fastest]
1f104515a5ff7cfe4655fefe8c2e7487a77c09a9,2020-08-29 19:43:30 -0400,Chronotron [media][player][trial][comercial][0][Windows10]
8a47139c6ee5ab1ad98629d9fd41091a25726b3d,2020-08-25 21:42:44 -0400,TCK tools and documentation [JT Harness][Documentation][samples][OASIS][Assertion][Guidelines]
db0711d6e7dbb08c9157969c8c449ce3ad08c75d,2020-08-23 20:11:27 -0400,Gatling [Load][testing][opensource][web][maven][sbt][tool]
19f0795461cbe917beed80e2e896c3a63ac02b8a,2020-08-19 23:22:37 -0400,UMLDoclet  [JavaDoc][UML][Maven][Plugin][OpenSource]
5b74c13f15716b2c46c9b95139126cf2a8b05475,2020-08-17 21:58:23 -0400,GraphQL - Serving over HTTP [CURL][POST][Sample][protocol]
e94d42564c7e55ef86598aef1be482151db9b808,2020-08-07 19:04:05 -0400,Evostar and EvoMUSART 2021 (Sevilla, Spain) [Index][CFP][2021][AI][Music][Sound][Art][Design]
02fa883c413b61cb71baa6480b32669b38d8aa46,2020-08-06 13:26:27 -0400,Microdnf [RHEL][RedHat][Enterprise][Linux][Atomic][Base][Image][Docker]
356176ee22631a6c884d0a67781ffee896cae2e4,2020-07-27 20:56:10 -0400,postgresql in-memory [blog-post][DB][pluggable storage API][v12]
dbad4e19e379436f156181393aba9ce852e7edb9,2020-07-22 13:59:13 -0400,Architectural Katas [Neal] [Ford] [Users] [Requirements] [Context]
344d7ff3b3de9cc0af3413d52f32dac73c15aef3,2020-07-14 12:14:33 -0400,Plunker [platform][online][prototype][share][ideas]
fb857afbf2b673fd6dbf6c8023027cf177595a20,2020-06-26 18:56:00 -0400,Jasmine [BBD][framework][JS][Open-Source][NodeJS][3.5.0]
9d1d48d3e87f6c21cbf1d2848259d536603156bb,2020-06-25 15:38:44 -0400,Swagger 2 [blog][tutorial][java][api][documentation][rest][advance][security]
fe1ac6b775142c661820cd1a9fd4d4efaa92a514,2020-06-22 19:36:20 -0400,SoapUI [tool][testing][rest][soap][wsdl][opensource][mocking]
fe10d84467c507bf43ea6c55ec9bcbb4f5d0f58c,2020-06-18 18:29:54 -0400,Spark_java 2020 [Kotlin][1.0.0][java][2.8.0][tutorial]
d6a4ec1710147ebed0299cf25bbf416a8eedf7bf,2020-06-10 18:48:29 -0400,DbUnit [integration][testing][2012][innactive][Version: 2.4.9][XML][datasets][export][import]
0a208e9fcad923995de08bc0dba1a65876fd09c8,2020-06-04 17:12:31 -0400,DBeaver not showing dbms_output [Ctrl+Shift+O][dbms_output][oracle]
52f5b8f10a395e823599ab73b1e7a14f575e3a75,2020-06-01 22:12:59 -0400,javalin [simple][framework][Java][Kotlin][Lightweight][Interoperable][Flexible][OpenAPI]
05c74e6342a6e65ab640a1d0931d847b66bd2389,2020-05-31 20:14:58 -0400,Snopes [website][fact-checking][misinformation][sources][urban-legends][hoaxes][folklore][from-1994]
ab6f35ad914fefafd9ab188161fdff50b6f8ec87,2020-05-29 15:03:13 -0400,calibre [ebook][maneger][collection][coverter][epub][mobi][pdf][open-source][linux][windows]
c9d9f3ac94372d9f86414d13f4e59dd3498aaa50,2020-05-27 17:57:12 -0400,JSR-377 Desktop|Embedded Application API [spec][desktop][app][life-cycle][injection][localized][resource]
08978929f43d2f2e8ffce7d8ca804f2f5170f300,2020-05-25 12:18:19 -0400,Meecrowave [light][server][JAX][RS][CDI][JSON][core][jpa][maven][gradle][jta][OAuth2]
341c9bc3382dbabb92c1eef8082bb228166b4d56,2020-05-22 20:35:47 -0400,sdkman [tool][managing][command-line][GVM][JDK][Corretto][GraalVM][Liberica][OpenJDK][SapMachine][Zulu]
af3d1e5534b9a590635b7e794b546a92d1b20aed,2020-05-21 23:08:47 -0400,MBeans [introduction][tutorial][java][JXM][MXBeans][Standard]
339adcae83d6a15b5d8ccc50ae62e454eb6b6299,2020-05-19 19:52:56 -0400,HyperSQL - hsqldb [java][open-source][mature][reliability][performance][jdbc]
48986e6031838d19a14ff85c77a58e12721ef9c9,2020-05-17 17:28:49 -0400,Clean URL (slug) [slug][human-readable][user-friendly][RESTful][engine-friendly]
55f6640a839a9d57604052f4e0490a9fd60b718d,2020-05-15 16:09:38 -0400,Maven in 5 Minutes [tutorial][installation][archetype:generate][java9][tools][phases]
7d01ab69dabe31617783015be51cb457c9fdb226,2020-05-14 19:47:00 -0400,Apache Empire-db [relational][database][abstraction][layer][data][persistence][component][java][SQL-centric]
aab086aa72a97474cd53c8c306bff593ef62f276,2020-05-13 16:41:36 -0400,Kast [video][sharing][experiences][app][desktop][mobile][android][ios][web]
9fe9e3359a00819dd8854eae21868ee66a835747,2020-05-10 21:19:55 -0400,Thorntail [microservice][Enterprise][Java][MicroProfile][maven][integrations]
802699faa0055525bf208eb2c18a4ef121788ad0,2020-05-05 23:36:28 -0400,GISAID [influenza][virus][open][data][share][genetic][sequence]
c05edce7842a327a90d56129ec3be12fdfb7448c,2020-05-04 22:26:06 -0400,HAL Management Console [web][CLI][wildfly][jboss][maven][plugin][docs]
83dcd17964435b076f6beabe460686a4778b9e77,2020-05-03 12:39:24 -0400,Comic Agile [home][why][archive][#1][03/20/2020][authors][facebook][instagram]
0bf9c2b37a6672ae682136c24cdbcf2087a1b4d0,2020-04-29 18:54:24 -0400,7 Popular Unit Test Naming Conventions [blogpost][compiled][list][naming][strategy]
dff4ca57ad9e7205b3ece21b33421384f835f88a,2020-04-28 18:33:09 -0400,react-burger-menu [off-canvas][sidebar][npm][React][component][animations][demo][examples][CSS3]
60996913da630241af5945cc3109f036707f4347,2020-04-27 20:51:02 -0400,JavaFaker [library][real-looking][generate][data][java][ruby-faker][gem]
24f9b01631329d8813eb92f66268d1e40b0649ae,2020-04-26 12:40:36 -0400,SequenceDiagram.org [tool][online][uml][text][notation][clicking][dragging][offline][PlantUML.com]
2f2cc48c35c32579aed5da1d16f2184f7799b08d,2020-04-24 15:25:31 -0400,Jonathan Stark Podcasts [Podcast][Freelancers][technology][changing][interaction][Consultant]
1dcda5f6496f48ecedc85f142003040c0b8a69c7,2020-04-23 19:08:57 -0400,CherryTree [Open-Source][GNU][Multiplatform][Python][SQLite][Notes][Import][Embedded-code]
ae63127e313bb8ff0b555b20f9888e1d678740c6,2020-04-22 22:17:21 -0400,trello-cli [commandline][tool][api][npm][appkey][token]
f1087f90bd8015baae7b32e4e086a935131e49ce,2020-04-21 20:47:01 -0400,diagrams.net [Open-Source][Online][Desktop][container][diagram][software][free]
7179b93dbb0ff664a009779e4d59aa0d7c4ddac8,2020-04-20 09:24:33 -0400,The Art of Computer Programming [book][collection][pioneering][Donald Knuth][computer scientist][TeX]
0b996fee98b2cd6a03b10b514fce86a27f4edbb5,2020-04-18 18:18:43 -0400,UMLet [UML][diagrams][Free][Tool][Eclipse][open-source][export][14.3]
f0f1f14915f3b9751707b5fbbf6f24397de3a134,2020-04-17 18:36:58 -0400,Interesting Engineering [community][today’s world][technology][future][Innovation][Science][Industry][Jobs]
faaaf68cb502a4d48c580683d4af06d02290aee4,2020-04-14 19:14:57 -0400,The Serverless Framework [serverless][apps][any-cloud][develop][deploy][monitor][secure]
957a7919dcb08b0eb886269965ae61d1ef447241,2020-04-07 19:22:43 -0400,Alembic [database][migration][tool][python][SQLAlchemy][OpenSource][Tutorial]
7af106f850d4d4ec3dc8bb9e01d1ea03dd86b06a,2020-04-01 12:58:54 -0400,Fix merge conflict
ac6c027d7207a41502168e13410bcad9d76eb0b4,2020-04-02 16:55:34 -0400,Semantic Versioning 2.0.0  [MAJOR][MINOR][PATCH][Specification]
06223638ddf76a856ec96d429a160db33100039f,2020-03-31 19:06:57 -0400,AWS Cloud Development Kit - AWS CDK [framework][Lambda][API Gateway][http][infrastructure][reusable]
bcdc7963ff516e953695ef72293374c66e8df608,2020-03-24 19:08:24 -0400,tilt [Open-Source][development][local][Kubernetes][quicly][instantly][diagnosis]
f698a7dd6673c2d946a3a26bfe5e55b5153c0165,2020-03-23 21:30:38 -0400,Qiskit [Open-Source][Framework][quantum][computing][meta-package][terra][aer][ignis][aqua]
9ea532dd5de38d0e66bc6085aefc1fdb804b8b8d,2020-03-20 17:07:36 -0400,go-covid [opensource] [go] [explore] [data] [Johns Hopkins University]
0d81463f08101f441a84e83e11b372f264a0db75,2020-03-19 12:00:38 -0400,Remoter Library [Guide][Podcast][Course][Salaries][Colombia]
37c127a777e4d494edaf1c0b597b97c94774a6b6,2020-03-18 11:52:54 -0400,Papers with Code [research][State-of-the-Art][open-data][opensource][community][Contributing][Data sources]
220c89597dbfd4a355e45d273f58f9db88294c05,2020-03-18 09:56:33 -0400,FastAPI [framework][OpenAPI][Python3.6+][fast-code]
01a81fd47312e213711e8f9672327b34626c281e,2020-03-15 23:32:49 -0400,xpra multi-platform screen and application forwarding system [opensource][x11][windows][osx][ssh][ssl]
86bb018ca7a220f3b2911add20ba4ba18e7216a9,2020-03-15 01:29:02 -0400,Apache Weex [nodejs] [CLI] [Android] [IOS] [web] [Vue] [Rax]
76d3a6ae17b0921e876b10adb93de4f8b0a1b88d,2020-03-12 08:45:57 -0400,JUnit 5 vs. Spock [blogpost][fixtures][annotations][mock][groovy][BDD][DDT]
e53666b372f9c2c54da467b48bf49dbfaeeebb5a,2020-03-07 20:10:12 -0500,Monitoror [go][nodejs][wallboard][demo][api][linux][macOS][Windows]
f262870586c0479dda30a4f580eb343a4cde0c74,2020-03-05 20:28:27 -0500,Open Hospital [maven] [java] [docker] [mysql] [linux] [windows] [swing] [swagger]
c9bad53da1b2a51aebe197810bc9b10215b25684,2020-03-04 16:35:46 -0500,Linear Digressions [podcast] [ML] [Data Science] [Katie Malone]
9b5e55d1cbbf27c8fa19e5d16799c8702d8707d1,2020-03-02 12:16:21 -0500,Can Machines And Artificial Intelligence Be Creative [article] [interview] [book] [Sautoy] [forbes]
efceb7012882447db2104b325b577ce051f95861,2020-02-29 00:23:18 -0500,[nvidia-docker] [docker] [cuda] [gpu] [quickstart]
c99e4accd82a8505e18d28cd43ac162c71bcad4f,2020-02-28 20:00:52 -0500,Tasks [opensource] [android] [java] [f-droid] [Synchronization] [CalDAV]
1b0c9acc64d846385c72e61fc83c03bd7c3895fb,2020-02-27 18:50:49 -0500,guake [gnome] [terminal] [drop-down] [opensource]
1806f0f39973df9ff1a23517860dbbcf1ec819d1,2020-02-25 17:45:58 -0500,Eclipse Krazo [implementation] [MVC 1.0] [JSR-371] [JAX-RS]
a6f67e241a42b2d825491af2aa17c57fe02d853c,2020-02-24 18:14:05 -0500,Electronic Proceedings of the NIPS [Conference] [proceedings] [1987-2019]
57ed017bff4e06bf010e5fa7b3680918443b92b8,2020-02-23 17:34:00 -0500,Collective Intelligence  [blog-post] [Assembl] [IBM-Watson] [Big Datext]
f9d68ea1fd47a71199eeb6e016dc72e7a2c5f59c,2020-02-18 18:56:51 -0500,Merge pull request #6 from emecas/scoop
9120aab30a5c27589668303cf4c569b3ab1fb204,2020-02-18 18:55:32 -0500,Software Engineering Handbook [opensource] [guides] [WIP]
081c5bc6aa12df1babfae664a9b319d7ca61c9db,2020-02-14 16:07:22 -0500,Scoop [windows] [installer] [command-line] [Homebrew] [sub]
b0a8d634f9902c8c5369d4545ae7267f34108dfe,2020-02-13 18:13:55 -0500,Fix Right Click Touchpad [tip] [ubuntu] [18.04] [mouse]
5c95b1a90b546c397f59ee164aad54de89fa3d96,2020-02-12 19:59:00 -0500,python-gitlab [api] [wrapper] [v4] [CLI] [docker] [test] [ci]
26c5fba502a08f3578b4ab73e6c2e4904dbc1a50,2020-02-08 19:07:00 -0500,Crux Open Time Store [Time] [graph] [Open-Source] [MIT] [API]
566caa4ee4005976af72d92f7ff3429c6f024f5a,2020-02-07 06:49:05 -0500,Disable Auto-commit Mode [JVM] [arguments] [Oracle] [jdbc] [driver] [ojdbc7]
34ecb3d8ae7642373efb8e1b27b2b4d222db3cf7,2020-02-05 19:53:46 -0500,correlation-ids [references] [Blog] [SpringBoot] [Java] [Logging] [microservices]
2bdf6a33ca498ae0690481c905f411c0c34160bc,2020-02-04 23:27:13 -0500,Kibana Filters [tomcat] [apache] [nginx] [kql]
fb20cff4ee0fdd786c8d8fa276929452fcf1cbb7,2020-02-03 11:17:23 -0500,RAMCloud [storage] [deprecated] [opensource] [low-latency]
9c594c9d843829a89e75486f68f941cef30b4e5d,2020-01-29 12:32:32 -0500,A Docker Cheat Sheet [remove] [images] [containers] [volumes] [prune]
e34b4b6ff79eb4af0a2f631cda4f6b51157fa6b4,2020-01-28 19:10:25 -0500,docker issue fix [usermod] [tip] [docker.sock] [permission] [group]
3bdb8f82c780704447a1eba522f5153c6afa20dc,2020-01-27 11:20:19 -0500,Codidact [open-source] [Q&A] [alternative] [StackOverflow]
e84f726a54aebc65b278ec87b955616eb7d1530e,2020-01-26 19:23:03 -0500,Dataflow Model [google] [paper] [Apache-Beam] [podcast]
cb732917ebe04fe2ff33cafaf4fa27b411231a2b,2020-01-23 19:21:13 -0500,HTTPS in a Spring Boot [java] [certificate] [ssl] [tutorial] [keytool] [keystore]
3a9b644dcbe5d9dd35428aaa24cb746831175f10,2020-01-22 12:10:12 -0500,jEnv [java] [tool] [*nux] [environment] [path] [0.5.2] [Feb019]
68433d5c990d5c431bbd80e3d2ab4d872a17272d,2020-01-21 14:04:07 -0500,Metrics MP Guide [java] [JPA] [MP] [metrics] [guide]
f5e6659ac05539586c884848eb9b8c616c0c44dd,2020-01-16 21:35:48 -0500,Using JPA in Helidon MP [java] [JPA] [MP] [persistence] [guide]
e1817f74646267aa257ae6492212dfcbb164757a,2020-01-15 11:16:38 -0500,ScrapBook Pages [Java] [Eclipse] [shell] [tip] [tool] [sample]
0256c31ced0834085769440bf9ddcc5ff44030bd,2020-01-14 18:01:58 -0500,Reactive Spring [java] [Reactor] [RxJava] [RESTful] [Webflux] [WebClient]
50822b8ad10126e24aaacca08bf1fe8c648747df,2020-01-13 10:51:45 -0500,CRNK [framework] [rest] [java] [JSON-API]
98ccb16eebd9b0d4144c05ea839444a5559d8434,2020-01-10 20:41:09 -0500,JDK 11 on the Raspberry Pi [Java11] [IoT] [blogpost] [2019] [Raspbian]
2cdfec637e467e3a4c5fdee03382c935508a23a0,2020-01-10 17:38:58 -0500,Becoming a Technical Leader [Book] [2016] [leadership] [how-to]
2f938ed843ffe1f60a8aa032496941d6db6e253f,2020-01-08 13:03:13 -0500,Package by feature, not layer [java] [modularity] [navigation] [abstraction] [style] [scope]
cda164afd2950bc2feaa380c00f85c33a24c6946,2020-01-07 12:07:07 -0500,Autonomous Transactions [oracle] [commit] [logging] [pragma]
84d5b1e6ad2ea40b5722106706330200928e4b39,2019-10-22 17:32:29 -0400,Fixing JWT Security Flaws [Blogpost] [JWT] [Security] [tips]
4565a33656731e0d09b0025cd5ccdea23f73ad27,2019-08-14 11:04:04 -0400,7labs keep up with the latest technology inventions [Apps][Cloud][Mobile][News][Tips][Tricks]
3b7dde3e236fd908a4bf581b7b5eee76ec36d195,2019-08-11 14:29:00 -0400,Discovery Services Consul vs. Eureka vs. Zookeeper vs. Zuul
d019561850ad41bc8b10cccdffdb35d262130042,2019-08-08 16:06:08 -0400,lxml [library] [python] [xml] [html] [processing ][parsing]
ad08a394b8490a3f15f187afbbfb0496bae0cf9b,2019-08-07 21:55:00 -0400,YOLO You only look once [detection] [YOLOv3] [detector] [Pre-Trained] [Model] [dataset]
86ce196aca1a778f2d9d71281af61b189c62bf0c,2019-08-02 16:59:57 -0400,Apache NiFi [process][distribute][data][reliable][opensource]
f34331571405a7c81193186bafa1dd14a6457c46,2019-06-18 16:30:04 -0400,The Washington Free Beacon [online] [newspaper] [private]
774392ab670b54ad3b24b7642b82d8e29db02d84,2019-06-17 15:49:45 -0400,dask [library] [python] [parallel] [bigdata] [analytics] [scale]
a1eb5ecf184cd2fd38f1330278962f034d17bc4d,2019-06-11 15:50:04 -0400,NATS [open-source] [queue] [distributed] [multi-language] [server] [client] [Synadia]
af26d65855b91950a8013cd86c5cc872e80eee9d,2019-05-15 14:51:54 -0400,Handle [windows] [tool] [open-file] [open-directory] [v4.21]
d61d64822d66d6769d05c71cf489db82fd4289e2,2019-05-14 15:57:05 -0400,taskbook [task] [todo] [board] [note] [cli] [opensource] [nodejs]
cb0b665b7bdf8539f3fd400c2fed569a5cf6fd7d,2019-05-13 22:52:10 -0400,yokadi [todo] [gtd] [commandline] [python] [sqlite] [opensource]
cb141a0f2bd573b899755de2cfd14025d0339312,2019-05-13 19:03:12 -0400,ROME  [Java] [library] [RSS] [Atom] [opensource]
e705417f1d3aab430a8f66dd7a060de139b21386,2019-05-12 00:05:19 -0400,Mind Matters [community] [news] [podcast] [articles] [ia] [analysis]
70c5c0f327dbe921d76916f7a77c75320de0b412,2019-04-27 18:43:49 -0400,KODEIN DI [framework] [DI] [kotlin]
a6c57aee03df4b919880e6eecc9a182b1abf943d,2019-04-27 18:36:53 -0400,Koin [framework] [DI] [kotlin]
d9ad9773e17e4f816b8a43c15949ea5f999c62f8,2019-04-25 17:34:10 -0400,Microprofile and JPA [research] [links]
800900135406bd2ac3e1b546fb7008c17ba93c64,2019-04-24 17:33:41 -0400,Tutorial Spring Security JWT Authentication [java] [jwt] [rest] [PostgreSQL] [SpringBoot] [JPA] [MVC] [blogpost]
b431338e26f95b4215187658524bd94890e6b6a2,2019-04-22 11:20:43 -0400,SmallRye [framework] [JSON-P] [CDI] [JAX-RS] [JSON-B] [Config] [microprofile]
d6c0b6b04a2d4e4b28e14ea63d296faddc189e27,2019-04-21 16:14:41 -0400,Launcher [framework] [JSON-P] [CDI] [JAX-RS] [fujitsu] [microprofile]
fa971306120a33717cf286e4436bdd80d9dbc3b4,2019-04-21 15:47:22 -0400,Open Liberty [framework] [server] [runtime] [IBM] [microprofile]
7c554b4eeba04470edd606130edd13af30e8f1ab,2019-03-31 10:14:45 -0400,micronaut [framework] [jvm] [microservice] [testable] [cloud]
924c7280751f71e4e61cd6fc8ad99ef1e482088b,2019-03-28 19:26:03 -0400,dev.to [programmers] [sharing] [discovering] [ideas] [help] [community]
0c76e4adf9bb80df628f4161591ffdd62e50e238,2019-03-27 22:21:27 -0400,List of cognitive biases [Decision-making] [behavioral] [Social] [Memory]
148074900e29e374ee2de47e3cbb9ac696b983dc,2019-03-27 20:49:48 -0400,Threat Modeling [Threat] [microsoft] [security] [engineering] [tool]
93d148e0dbf2399d0781b0af724fb1bcfd4d679c,2019-03-27 20:33:38 -0400,Cross-Site Request Forgery Prevention Cheat Sheet [CSRF] [OWASP] [CheatSheetSeries]
b058b9c521d2eac2b082e228b33fac00cb172a92,2019-03-26 20:43:00 -0400,Testcontainers [java] [library] [automation] [testing] [data] [ui] [acceptance]
c7c473f3561ba9eadbb16b4a8e81c0fa516780a4,2019-03-25 20:08:01 -0400,jib -  Build container images for your Java applications [java] [container] [automation] [maven] [gradle]
b5a44d6b83ee5ba7249995bfdc95fc1e28f2948d,2019-03-07 14:22:51 -0500,Centralized configuration with Spring Cloud Config [Tutorial][blogpost][Spring][Cloud][Config]
595205110477886c2d9c02324c48f6bf2b3e6c31,2019-03-06 15:58:13 -0500,Learn REST: A RESTful Tutorial [opensource][RESTful][Tutorial][methods][codes]
50ce2b1a37c90bae2be00a9b894f79cd6d620e33,2019-03-05 11:15:27 -0500,JDepend Plugin [gradle][reports]
52fdd4cb442cb05a8925fbd3c3bfdcba08f4163c,2019-03-05 11:14:16 -0500,JDepend [analyzer][design][quality][metrics][java]
5a26b720df79c66b3ecafab30f189ba776268955,2019-03-03 19:36:24 -0500,Guru99 [tutorials][learning][free]
feeedd8778b1def8b745af6d2a61dad42b21c185,2019-03-03 19:31:03 -0500,Discovering Modern Java [repo][bookmark][pending][java]
4aba17f93422da70fd5344e7cbc27efc79bfdf83,2019-03-01 14:19:01 -0500,Why You Should Turn Your Oracle Databases into RESTful API Service[blogpost][REST][microservice][store-procedures]
90c10f125e5345ae1bc1140c4430e99fdbe05810,2019-03-01 14:14:36 -0500,Microservice Principles: Decentralized Data Management [blogpost][REST][Avoid SQL JOIN][microservice][Eventual-Consistency][Polyglot-Persistence]
a803c8c5dc13fe6b0bf74dbd34eb312b8b756cb8,2019-02-27 10:48:32 -0500,Zipkin [tracing][distributed][latency][microservice][Dapper][opensource][2.12.2]
1eaa3d9458bc877ecd3ef76b7a81e6a621da7c90,2019-02-26 16:53:35 -0500,CodeCity [Smalltalk ][visualization][software][analysis][metrics][1.4][2009]
869909dbff614818e081ce8abe7977aa393c5023,2019-02-26 16:44:35 -0500,X-Ray [open-source][visualization] [Eclipse][Complexity][Dependency][1.0.4.1][2008]
2442e948093ea21d6779f924cb3e73c76c74b2b9,2019-02-24 18:46:04 -0500,Golden Rule [ethic] [positive] [prohibitive] [empathic] [551–479 BC] [Global]
d0b85b772384455b2bc1f660181a59fa56e782f9,2019-02-23 12:28:29 -0500,Creating Mock Objects for C# Unit Tests, using Moq [C#] [Testing] [Mock] [Moq] [blogpost] [dependency-injection] [2016]
5fabe4b60fb2e5e646982cfb74345961faa618c6,2019-02-21 15:14:06 -0500,Testing In The Pub  [Podcast] [Software] [Quality] [2014]
c0ebdb4c766d28e9c6c632a39607820992f799a1,2019-02-19 13:37:59 -0500,ArchUnit - checking the architecture of your Java code [java] [check] [dependencies] [extensible] [opensource]
3649f40b2bcfed805f4d0763ab7d1ef47855184b,2019-02-19 10:19:18 -0500,xunit [.net] [ReSharper] [CodeRush] [TestDriven] [Xamarin] [opensource]
53c632e3a8aad26c1bc8f89416297217b4183732,2019-02-13 15:48:21 -0500,Black - The uncompromising Python code formatter [Python] [codestyle] [formatting] [opensource]
83e34b5156d251fd98708d77a205904af1eee2eb,2019-02-12 14:44:45 -0500,Project Gutenberg [eBooks] [free] [top] [download] [epub] [pdf]
92ec7bbdf1adb3c5a16b63f38c4d73c749f5dfc1,2019-02-12 13:46:49 -0500,python -m idlelib.idle [TIL] [command] [python] [IDE] [embedded]
27b8ffd73cc873f7d116b6d5c4809213198bb662,2019-02-11 11:59:18 -0500,OpenShift Cheat Sheet [pdf] [commands] [examples]
16a2058958b504949036525dec3bf5b55d8fc99d,2019-02-11 11:03:25 -0500,Design patterns implemented in Java [patterns] [opensource] [java] [principles] [contribute]
9148fe4acf1f9ff047df2fca3591d62a20f26e42,2019-02-10 18:47:13 -0500, Best GIMP Brushes For Drawing & Painting (All Free) [GIMP] [Painting] [Drawing] [free] [blogpost]
d061733124584c4fcdc2db2047a408f3d69fb29d,2019-02-09 18:11:48 -0500,Primitive Obsession [development] [code-smell] [blogpost]
8fc7404c0790572d56daa23dd2c1bb3fafa4518f,2019-02-08 15:01:54 -0500,Android Dev Podcast [android] [development] [podcast] [spanish]
a52f46b8e504ec7e0bc2946a6768b1a01a61c33b,2019-02-08 14:45:52 -0500,Eclipse Newsletter [foundation] [community] [archive]
4bb9ac60d58c37ca843d176b872920e1c012d86e,2019-02-07 13:04:28 -0500,The Apache Software Foundation Blog [blog] [opensource] [community] [projecs]
dadadeaa907ed1340df7f76aecdfc676078ffe89,2019-02-06 13:40:00 -0500,Jfokus Developers Conference [conference] [java] [2019] [speakrs] [talks] [archive]
176fe0b8618dc0b54eb4db8768f8dcee8235fca6,2019-02-05 15:15:35 -0500,REST (Representational State Transfer) - RFCs [wiki] [RFC] [definition] [standard] [http] [refs]
e2a401f8926b760934761baf6f09824efe91b0ae,2019-02-05 12:27:59 -0500,Developing and Deploying with Branches [SVN] [GIT] [summary] [Benefits] [blogpost] [guide] [more]
22d3bd01e0ad269e80933a49a135fca230c4048b,2019-02-03 08:07:51 -0500,EU-Startups.com [Magazine] [Startup-Jobs] [Research] [Summit] [European] [Entrepreneurship] [Directory]
cbdb9b838c26b9d13061825534ee24b5eb6b0ded,2019-02-03 07:59:26 -0500,Expert Excuses for Not Writing Unit Tests [Testing] [excuses] [tips] [team] [blogpost]
659e7c7d2383a4d347fc8f85f12272e48ffbaadc,2019-02-02 14:53:12 -0500,Don't Measure Unit Test Code Coverage [TIL] [TDD] [Coverage] [improve] [team] [root-cause] [blogpost]
df05c293725e3941cfbe0f13f56b867cd4d777b9,2019-02-01 12:55:12 -0500,.gitignore nice pattern [TIL] [TC] [GIT]
680733600eac73c7fd87f64a4a34b3e26f1e9b4e,2019-01-31 12:18:12 -0500,Deep Dive into Microsoft Configuration [.NET] [json] [XML]
788ef1f38045cc652b3182706eaae9dd69d9ff0b,2019-01-30 21:25:55 -0500,agrest [REST] [framework] [java] [open-source] [ORM ] [JAX-RS] [NoSQL]
a2b2256bd5354daa70a904723418636d8479b64d,2019-01-30 17:33:02 -0500,Investigating the CQRS pattern using GraphQL and SPQR [CQRS] [patterns] [GraphQL] [GraphQL] [blogpost] [Java] [SpringBoot]
14638572f5df19888f9e6c0ca02641b70fff285f,2019-01-29 19:54:54 -0500,Objections Are Goals [TDD] [programming] [TCR] [GIT] [blogpost]
0d4aaaaf7ebd2030f6376c8ac3942911eba7868d,2019-01-29 19:45:04 -0500,test && commit || revert [TDD] [programming] [TCR] [GIT] [blogpost]
9c63dbec5d437e589f68196c582d3ec0f228f1d4,2019-01-28 18:13:17 -0500,JVM Calendar: 19 Lessons in a Kata [kata] [programming] [Eclipse] [GIT] [article]
0dc08da016adad81c7702d459960e8b2d1bd25a7,2019-01-28 11:07:40 -0500,Efficient Programming with Components [video] [playlist] [a9] [Programming] [Efficient]
8fc0aadf571444d8b8bc518ac90b8cc8d6ba9923,2019-01-26 12:34:16 -0500,How to Read and Use Histograms in R [blogpost] [R] [Histograms] [OpenSource] [statistics] [Karl Pearson] [1800]
378b16fb7fd842677dc9af4ab6073d681b16f6c1,2019-01-25 13:28:34 -0500,How to Write a Git Commit Message [blogpost] [git] [rules] [tips]
f3fac809c81709775816e5b6480fccb26e8cf931,2019-01-11 12:41:20 -0500,Mockito When/Then Cookbook [blogpost] [mockito] [testing] [baeldung]
cff11f0fcc7ddd107baf966c239282637af7a684,2018-12-21 10:48:53 -0500,Neural Ordinary Differential Equations [paper] [pdf] [source] [ml] [2018] [math]
1e0c00b216938abc5d0c92decdf86cc8e56b64aa,2018-12-18 14:02:25 -0500,Java 9 Variable Handles [blogpost] [programming] [java9] [atomic] [immutable ]
1dec958ddf59acb2947dc92f231c49c4f2f5d66e,2018-12-18 13:47:00 -0500,Spring Boot and H2 in memory database [blogpost] [programming] [h2] [springboot] [testing] [howto]
1c2706ae044856c4b89fb3af46bbf5f50175aa7a,2018-12-17 13:59:13 -0500,Geeks for Geeks [analysis of algorithms] [data structures] [languages] [interview] [courses] [quizzes]
568de5cbc367aba8a4cf6309b5bdf169ea007cc3,2018-12-16 21:06:48 -0500,OpenGenus Foundation [Foundation] [open-source] [non-profit] [community] [knowledge] [Internet offline]
3b22472777b861383acc8311dbc26ae3c3284b67,2018-12-13 22:20:22 -0500,Java Architect’s Blog [Blog] [Spring] [TDD] [Java]
096c6ec417c54d008b831b8e55307becf7975ab2,2018-12-11 19:49:31 -0500,Update the Gradle wrapper [Blogpost] [Programming] [gradle] [wrapper] [tip] [howto]
cca989ce42f69814f77c3305f60d567745c4723e,2018-11-30 15:44:55 -0500,Java Pub House [Java] [Podcast] [JVM] [Ecosystem] [@bobpaulin] [@fguime]
bcdfc830bd24e5bb491b22ce2b35de38d3c3a237,2018-11-29 13:58:08 -0500,Kotlin Playground & Kotlin Koans [Language] [Programming] [Functional] [Kata] [Learning] [Examples] [OpenSource]
d796290a998d92d33910b4b44f86634aaf26a432,2018-11-23 17:27:01 -0500,List of 33 Big Data Data Sources [datasources] [free] [bigdata]
2cfef31edc0287e65ebdd0e558c32cc16c094020,2018-11-07 17:18:11 -0500, [Mobile] [Multiplatform] [iOS] [Android] [Kotlin] [tutorial]
0ce94ecc140a9886858464fb1f252ef9d69c58af,2018-10-04 17:14:42 -0400,OCaml [Language] [Programming] [Functional] [imperative] [object-oriented] [1996] [Static] [strong] [inferred] [Cross-platform]
1b667f9bb8608b85b8976a31b5c32c4e1beb2ac7,2018-10-03 20:46:27 -0400,Rust [Language] [Programming] [Functional] [2010] [Mozilla] [imperative-procedural] [static] [strong] [inferred] [nominal]
0ef47015cf113ce9eb656f0d7db1de02c055cea7,2018-10-02 13:12:30 -0400,Haskell [Language] [Programming] [Functional] [1990] [static] [strong] [inferred] [Cross-platform]
d0032939b48200ec18ea70498085255f70e81e45,2018-09-25 22:20:05 -0400,Project Helidon [Microservices] [Simple] [Microprofile] [Reactive] [Observable] [Resilient]
c4cdf163cee933f29a32b438b98d53941339ae65,2018-09-21 13:01:08 -0400,Apache Druid [data] [store] [event-driven] [analytics] [apache]
f358ab8651b629ca0d296e16212e8d8ea8b35f6b,2018-09-20 14:13:17 -0400,QuickCheck [testing] [haskell] [extention] [randomly] [generated]
3b91607d9ab09710c37caf4dbe4e9d4f31afa0c9,2018-09-12 16:27:10 -0400,Mininet [virtual] [network] [development] [tool]
4fc0813921fd025dc29e4f0a36afeee58fe1a68a,2018-09-05 16:09:21 -0400,List of Software Development Philosophies [standars] [programming] [principles] [software]
543ebed916b567cbc2e26b0b3c4441b1cfb251a3,2018-02-15 11:02:21 -0500,Grizzly [GitHub] [OpenSource] [glassfish] [NIO] [java] [scalable] [WebSocket] [Framework] [HTTP/S]
65263f7603ef5506ad53040dcd8247cf1ad748d6,2018-02-15 10:27:11 -0500,Multi-Tenant Benchmarking Tool (MTBT) [GitHub] [OpenSource] [linkedin] [key-value] [store] [Multi-process] [Multi-tenant] [Dynamic] [Extensible] [RocksDB]
4356d4c788919656e771792dc14c8d5f2cc2e324,2018-02-15 10:04:22 -0500,RocksDB - A persistent key-value store  [GitHub][OpenSource][High][Optimized][Performance][Adaptable][C++][Java]
03a06e2efc126d55d5833311133c7aa8b8777299,2018-02-14 14:55:35 -0500,SoapUI, Insomnia, HTTPie 3 Open Source REST API Testing tools [OpenSource] [Testing] [API] [REST] [SOAP]
197d52a130cba847a274ef613566932ecca817a8,2018-01-03 09:30:50 -0500,jsoup: Java HTML Parser [opensource] [GitHub] [MIT] [HTML5]
ffa8c45ffa213fade87b7a153df48e6e893a3f81,2018-01-02 13:10:43 -0500,Project Lombok - Never write another getter or equals method again [opensource] [GitHub] [MIT] [IDE] [BuiltTools] [Sample] [annotations]
e3accc29ea4f344d9295a68669bd4771aba67556,2017-12-22 11:39:02 -0500,WildFly - a flexible, lightweight, managed application runtime that helps you build amazing applications [opensource] [github] [java] [modular]  [management] [jboss]
311d13c3c24295daca4ddc406688fa9f1226a797,2017-12-22 11:36:07 -0500,Asciidoctor - a fast text processor and publishing toolchain for converting AsciiDoc content to HTML5, DocBook 5 (or 4.5) and other formats. [opensource] [github] [ruby]
05350592f28b60e4f3d076d3a797c57f953bbf90,2017-12-20 17:17:14 -0500,OFBIZian - Bilgin Ibryam's Open Source Journeys [opensource] [camel] [blog] [Java]
66bc4726da282157d612f2f3d00a115ead2af347,2017-12-15 18:33:33 -0500,OpenTSDB - The modern time series database [opensource] [github] [HBase] [Java]
164f6600a97a15a40725e65637f8961abc6d53de,2017-12-14 14:51:44 -0500,JGiven Behavior-Driven Development in Plain Java [opensource] [github] [BDD] [HTML] [Report] [JUnit] [TestNG] [living-documentation]
09f2e81ead037fae7a9c5f06dd14a8cb693c3a1c,2017-12-12 10:44:42 -0500,Oracle Database & APEX Developer Docker Image [container] [dockerfile] [Freelancer] [consultan]
cb23420cf8e9b65e1bdfff0262743fc4ab3edef7,2017-12-11 14:14:43 -0500,args4j Java command line arguments parser [opensource] [MIT] [parser] [annotations] [github]
afb52a1c60c23f7015432f0f1c20c6c3f15a098a,2017-12-07 10:26:16 -0500,TIG: Text-mode interface for git [CVS] [Tool] [GIT] [OpenSource] [GitHub] [command-line]
d633c64fc95bdb564750a5bafbcfb35a7a95f3aa,2017-11-09 13:57:13 -0500,JSON Server - Get a full fake REST API with zero coding in less than 30 seconds [Mocking] [Testing] [OpenSource]
fa627fe2760af68e15f2376303bed997b4a97c48,2017-11-08 18:41:26 -0500,Life at Eclipse [Blog] [Personal] [Eclipse Foundation]
0cc9f159489234711b003331aa36626c0c7fba0c,2017-11-07 17:11:55 -0500,Functional Programming Jargon [OpenSource] [Blog] [GitHub] [FP] [Jargon] [JS]
f03beccd6cdd1a7368f05fd0c1d0be538a44a0cd,2017-11-06 12:18:15 -0500,OWASP (The Open Web Application Security Project) [Foundation] [Events] [Membership] [News] [Blog] [Chapters] [Podcast]
c49bdadacfbc80b6d294f0729213bf66e75374d2,2017-11-02 10:00:29 -0400,shpe :  Society of Hispanic Professional Engineers [Membership] [Events] [K-12] [Scholarships]
f168312f58ea9b89c4b9848c8f43c7ab5082423d,2017-11-01 10:11:35 -0400,Spring Framework Guru [Tutorials] [Courses] [Blog] [Docker] [Angular] [Careers]
4ae6408736257484b02cac70e44d48da2f230c3b,2017-10-31 09:49:47 -0400,Imixs Workflow [OpenSource] [BPMN 2.0] [Security] [Docker] [Microservices] [Rest] [JavaEE]
afa8f998bae1ec2bdf6e3b42351d53f413b357e8,2017-08-17 13:34:03 -0400,Separating Unit from Integration tests in Java using Gradle [blogpost][java] [gradle] [unittesting] [integrationtesting]
87b40cdc6510b0f136ea0259f408ad0f2f7d81d2,2017-08-02 16:34:56 -0400,GitBook [SaaS] [Documention] [Integration]
90ec82cf6c9001742ca84770b143b2118fa1bfc4,2017-07-31 16:24:28 -0400, JShell JEP 222: jshell: The Java Shell (Read-Eval-Print Loop)
3f08b6134b18270bd8e0802a29638a9dac88af7d,2017-07-20 12:10:51 -0400,Turbo Shredder [OpenSource] [Java] [Netbeans] [Multiplatform]
e9a63b9bd6fc842bc0792a4233866f97fb2bda09,2017-07-19 11:59:52 -0400,Shibboleth (Internet2) [Definition] [Consortium] [SourceCode] [Community]
fdc8f82733a7ea1b079f7d8615f6c0d732e50b20,2017-07-18 15:52:14 -0400,RAML (RESTful API Modeling Language) [YML] [design] [build] [test] [document] [share] [API] [JAVA] [Parser]
1e06193cf02f4a166768c7bb581343e68590c431,2017-07-17 16:22:06 -0400,Blog: Holistic Security and Technology [Blog][OpenSource][Containers] [chilcano]
a79a2ce3c41995ab65ec2ddf37a6ee5eaf373c6a,2017-07-06 10:42:29 -0400,Hyperledger [cross-industry] [blockchain] [technologies] [open source] [projects]
c65f6c8e0d9877029a91394343a5853481b66432,2017-07-03 14:41:41 -0400,C# Version History [1 to 7] [Language] [Version.NET Framework] [Visual Studio] [Features]
fac063e533c66ea6a9f07db08b283fbf56984ee0,2017-06-28 17:26:09 -0400,Dandelion free and Open Source Java framework aimed at making web development simpler in JVM-based environments [OpenSource] [framework] [web] [JVM-based]
a305ec8d19b3396be643e8390337dbd5c127f59d,2017-06-26 09:57:17 -0400,Protractor [test][framework][Angular][AngularJS]
8ad034ad1e9e560f6fdb3a387cb00dbf56c41a18,2017-06-23 08:58:32 -0400,OptiKey : Full computer control and speech with your eyes [OpenSource] [C#] [GitHub] [Windows]
d2ed1f2520f28f67387140a9df0fe07d8568f063,2017-06-21 10:00:35 -0400,coala : provides a unified command-line interface for linting and fixing all your code, regardless of the programming languages you use [OpenSource] [Quality] [GitHub] [Docker] [Python]
e36de1b9d0d801cffdc27ca9d1661b496928d1af,2017-06-20 08:47:23 -0400, Lucee: Lucee Server is a dynamic, Java based (JSR-223), tag and scripting language used for rapid web application development [Docker] [GitHub] [OpenSource] [Rapid] [web]
9eaa1720689e80b2a7984b9755ec8bf675ec5a30,2017-05-30 15:11:45 -0400,LineageOS [OpenSOurce] [CyanogenMod] [Android] [Mobile]
19b223a2144ac6b9692411e94c90a66244d11591,2017-05-22 14:32:27 -0400,Introduction to HTML Applications (HTAs) [hta] [Microsoft] [IE]
1413d787a149e0f9d15bebb182686c11303769f7,2017-05-17 08:33:15 -0400,73. Embedded servlet containers [Documentation] [Spring] [Tomcat] [Jetty]
32f4a6e8dd249c7b8629c767b6df4b2c063a66c6,2017-05-12 11:45:16 -0400, Vim - Creating your own syntax files [VIM] [Syntax] [usecase]
a91f6b05e6aa4963bfef5b64d400333f5ec1247d,2017-05-11 16:56:08 -0400,Creating your own syntax files[Container] [Monitor] [Tool]
70ed27e60ef7925a4bee00737fd67ab06792b663,2017-04-27 11:57:11 -0400,Top-like interface for container metrics  [opensource] [tool] [containers]
e85169dcca06104e5554391f4f7af4d349d2a863,2017-04-25 18:17:32 -0400,The Gowalla Dataset [Geolocalized] [SocialNetwork] [Data] [Open]
4b7c80b915e8fab6fa658b5fc2ef64e012b6b305,2017-04-24 08:58:07 -0400,Domain Driven Design [Book] [DDD] [ISBN:0321125215] [ISBN:9780321125217] [Safari] [2003]
036812e3e2482aed8f1c1430265170a30cbb92cc,2017-04-12 11:19:21 -0400,RESTIFYDB [Product]
55625ca409b85bf74569555ad86770aa304b5f95,2017-04-10 14:24:37 -0400,Installing Scala on CentOS [Blogpost] [Steps]
568298eb8deaba3ee0aeca1cede5be26faf25c66,2017-04-07 14:25:53 -0400,Mastodon [GNU] [Microblogging] [Social Network] [Source]
e3326e76e73a931d3587c550a24f2dbf9f0adc58,2017-04-05 13:01:49 -0400,NFJS, the Magazine [Subscription info] [online] [development]
024bbffa2d88e9c30f4b72eed797727d84664ebf,2017-03-31 14:34:04 -0400,JIRA REST Java Client Library [Source] [Documentation] [Samples]
90b30e10883cb54dcb372d99d1134fb653f61527,2017-03-29 16:23:23 -0400,Visualizations - 1.  Visualizing Influence Relations of Programming Languages [Explanation] [URL] [GitHub]
d8617833beb5344791c682bbbd36c55584b730ef,2017-03-28 11:02:17 -0400,Technology Radar [Publication] [periodical] [ThoughtWorks]
33584e71a4061470c2071f48ded3339ac599c4eb,2017-03-27 13:23:50 -0400,JWT - JSON Web Tokens [Specialized Website] [Libraries] [Inventory] [Interactive]
88754f0ab0647fc507c2c5ca5d4d983803a7b7bf,2017-03-24 15:19:05 -0400,Docker Containers on the Desktop [BlogPost] [GitHub] [Hub] [Links]
9e95fe6bc3e0d4cc5bf8f77748b68480289057f5,2017-03-23 15:45:12 -0400,So How Exactly Does a GIF Cause a Seizure - Man Arrested [Epileptic] [News]
50bde867e4a540fbcbfeb2cda46966387fb4abef,2017-03-22 11:42:46 -0400,Uptime & downtime conversion cheat sheet [Graphics] [Month] [Year] [Equivalences]
e2066d5ee53635fa8e97a754cc44d35ea3205c42,2017-03-20 09:27:07 -0400,Microsoft now allowing downloads of retail Windows 7 copies [News]
917982e4310d5821086b27e10816ba2be1fbbeb4,2017-03-21 15:53:28 -0400,Windows 10 virtual machines now available on Microsoft Edge Dev [Blog post] [Free] [VM] [Images]
3c27693aded0b516ab040e402ddc3d859b69f6e7,2017-03-17 14:08:16 -0400,Restcomm is the Open Source Cloud Communications platform
054c4053ec8f61a53c302daef3b5b7807188181c,2017-03-16 12:52:51 -0400,Apollo - A platform for running your next generation web services and applications [Docker] [Mesos] [Consul] [Terraform]
d639463790832a6147d0d7666d78ae4c8fb3ea7c,2017-03-15 15:17:12 -0400,shutit_copyserver - Copy a server into a docker container using blueprint [Tool] [Sources]
09fb55a9e392afbfd6993a31661023081a936051,2017-03-15 11:05:47 -0400,VM2Docker: Automating the Conversion from Virtual Machine to Docker Container [Master Thesis] [Sources] [Experimental]
4f1ba8bae2d596644874d9a56641f9d08d0c4f64,2017-03-14 09:12:27 -0400,Serverless Architectures [Blogpost] [Definition] [References] [Pros/Cons]
c0ab20fff23a550870e5f27e870f8cad0ca4baa3,2017-03-14 09:07:11 -0400,Get started with Docker for Windows [Blogpost] [Steps] [Doc]
a400fdd46ccbf003cf7740ecfbd16ac936715a94,2017-03-13 15:07:44 -0400,Aurelia [framework] [javascript] [web] [mobile] [desktop]
1adf6eea1b47830ce34d4c237d5c16be3f89cc17,2017-03-10 13:33:57 -0500,How to be Effective at Working Remotely [Blogpost] [Tips]
1c11d7b35ffb592650f7abef4c1aa289b70870a2,2017-03-09 17:20:46 -0500,Running Git-Jekyll website locally with Docker [Github] [Docker] [Sample] [Offline]
ea2fa4a19829c830645b68496fb3c0d4935eb739,2017-03-08 16:27:05 -0500,Netflixoss Eureka  [1.3.1] [Docker] [Resources]
08c1128c00ba61ac30d536d78a753e4644472ab0,2017-03-07 15:54:05 -0500,Windows Symbolic Links - MKLINK [Tutorial] [Samples]
9a56816bf37eb63bf523027ed5fd15948357f18e,2017-03-03 14:52:44 -0500,Test Project [Blog] [automation] [articles]
41b03eb49f9bc6c369bd35373d204cfcfbd3d8d1,2017-03-03 14:50:33 -0500,Test Project [Blog] [automation] [articles]
c3b71a32e4bcab71fe8bb8366b216e23587f664c,2017-03-03 14:44:47 -0500,Test Project [Blog] [automation] [articles]
261889cf4e953a6fc45bda68112831079f98e47f,2017-03-03 14:43:34 -0500,Test Project [Blog] [automation] [articles]
3d0a140a7d665d042fe420f9ef56558027ed6625,2017-03-02 17:35:24 -0500,JPAD - Java Scratchpad - Instantly write java snippets and see nicely formatted results [Tool]
ec7d13def6128e61293e0f4f08b5d6525b0e046d,2017-02-28 17:18:38 -0500,Telework VA [Gob] [Org] [Advantages]
dad955c74916d38bf360ba0a3677cda789ab58fd,2017-02-27 16:47:45 -0500,An easier path to functional programming in Java [Blog Post] [Samples] [Index]
0e5a21c17c6ee2e3ebef79b9c16f3cca3415b009,2017-02-24 15:48:46 -0500,WebStorm [IDE] [Software]
cb78b8e9a5ef1f739d86a4c4e34e9c21004215ca,2017-02-16 13:46:12 -0500,Layered Architecture [Blog post] [Sample]
749f111ce56f60d197d1682749e585b7d69ba0f2,2017-02-21 13:38:10 -0500,Hexagonal Architecture [Blog post] [Source] [Patterns] [References]
692d7c019757d4c96963885479c902beaf67a8b5,2017-02-20 17:18:38 -0500,Hexagonal Architecture [Blog post] [Source] [Sample]
a28dc74f6c2dffb9f10fc89da4d308c2d20cdb73,2017-02-14 12:59:10 -0500,SAML & ADFS [Secutity] [Single Sign-on] [Microsoft]
0687a390dbbfa7a908a9a337ff6fa8c41833a1b8,2017-02-14 12:52:26 -0500,Recurse Center [Institution] [Progamming] [Open Source]
1000e12df9f012ccc2c58b8d2b80f40b90efca53,2017-02-13 14:48:03 -0500,Advantages of monolithic version control [Git] [Blog Post] [Opinion]
6cf2c47b7ca6c011cf66d9eb67ee394d0706f017,2017-02-11 14:33:45 -0500,What Programming Languages Are Used Most on Weekends? [Blog Post] [Stats] [Data]
5f3d7d162fed917a34108c52d0595bb1296a413e,2017-02-10 13:01:08 -0500,Distributed Object Protocol - DOP [Project] [Framework] [Spain][JS]
3465d5af2132f0d924c705aacdcebaac20643c68,2017-02-09 15:42:07 -0500,Program Creek [Publishing] [Examples] [Programming] [Website]
1796535c02f15578448beb301c4a9e84e340d4a1,2017-02-08 11:51:26 -0500,JPA Performance Benchmark (JPAB) [Benchmark] [Website]
4d42a12777ef11606e28092816a541dfe1ace3d8,2017-02-07 08:25:37 -0500,Apache Beam [framework] [OpenSource] [Steaming] [Batch]
61b013a90a70d1b6042a359d1638b118dc6b604d,2017-02-06 16:24:53 -0500,Spock Framework [Website] [framework] [testing] [source]
b1ac9cbf390296266fd010212831e8333e0948c1,2017-02-03 08:18:54 -0500,Legacy Application Strangulation : Case Studies - StranglerApplication
b7fabc8f1e64a99a9539dea70ef6723ce0218994,2017-02-02 08:02:04 -0500,BoundedContext [Pattern] [DDD]
acf275d2f6fd146eee62432bad223eb8fd3dce00,2017-02-01 12:18:04 -0500,CURL official website Multiplatform [Tool] [Sources]
f565a322637a16a7a2cb7fa131c67c251c6bd41f,2017-01-31 16:41:34 -0500,Java Lambdas - Course [Training] [Free]
ef3c9a1f5fc3d4108810a0c6a1f520f68ee6e346,2017-01-30 14:12:57 -0500,Metadata Extraction Tools [Software] [OpenSource]
6eee5182527d9858eca9a57c313b0c99c4de3e8b,2017-01-27 16:27:03 -0500,Hyperloop [Company] [Technology] [Transportation]
b9902ae38786922d57e878e430951cc70b49ced1,2017-01-27 09:32:52 -0500,Qualtrics [Company] [Services] [Research]
5cf83bdc77453ba384c0c0f15887d50bcd2bb22d,2017-01-26 16:15:59 -0500,Sanctuary City/Cities [Concept]
10a7b354ea9cc2149649d4276a5a3429c436709c,2017-01-25 17:15:37 -0500,33 consejos para mejorar tus reuniones diarias Scrum [Spanish] [Tips]
1b1eeca9e3bf57e25b53e1586a0b882260e69991,2017-01-24 12:26:34 -0500,Frenando la miopía: la hipótesis ignorada (En Ocularis) [Spanish]
e5cb362f3c2cd4612a9b23f9f88e5e506977abd5,2017-01-23 13:22:59 -0500,NotePad++ Compare Plugin is back
475885887d393bddf255e86689cf101e3d644ef1,2017-01-16 09:23:50 -0500,On Coverage Tools in Java
39d2d5f032b50091a8cdc2bc7e3677aad06b6ba6,2017-01-11 11:39:03 -0500,Lyme Epidemic
6e4f654b2713bab86b57d4ad88e525e86870a56d,2017-01-10 16:47:06 -0500,OpenWeatherMap
63e521173193dfa179d41964f48fe83deb818bde,2017-01-10 12:13:30 -0500,Subversion vs. Git: Myths and Facts (by a subversion lover)
019968838f292960b06df96e22d8b04050554929,2017-01-09 10:25:32 -0500,New generation of [autonomous] drones - Interview - Video
6de288f48e7dc214f7b6f3e8a4119a81474f9e4b,2017-01-06 17:38:53 -0500,JDK 9 (schedule and features)
9c7716efdd174f5ec05f83d6aef027a7985b14a1,2017-01-04 13:33:59 -0500,PRINCIPLES OF CHAOS ENGINEERING
aac4027b5e561b1b4581986052188186ebb37b00,2017-01-03 08:35:52 -0500,Keysweepe by Samy Kamkar
8dedc5bd5609e8738fd1d5d8ecb947e92d74e5b8,2017-01-03 08:33:04 -0500,Double-slit experiment - electrons version
24745731dca33049a6a04bcdc99079da6e5af5c8,2017-01-02 10:00:28 -0500,Tails - Linux Distro - Privacy for anyone anywhere
cbb3c34d376aad37b5cb737f10f99817700c34b5,2016-12-31 09:24:43 -0500,wikiHow -  ayudar a todo el mundo a aprender cómo hacer cualquier cosa [Spanish]
e0aa4c9d54e8965e090a6e5f1cbc9aebe832d611,2016-12-30 11:32:12 -0500,Is Design Dead? (May 2004) - Article
e1c9fce0a8c18cc906eea5fd3b809f0f9e1e4cbf,2016-12-30 10:17:21 -0500,Zotero - Source code & organization RRCHNM
7b1eca1ea87e02c5f536bedd7204b25c7668355a,2016-12-29 08:10:50 -0500,InTechOpen - Open Access book publisher
3acaf7797eb85c635976a4a4ddf6b6d1ca87e5a2,2016-12-28 15:54:59 -0500,40 Agile Methods in 40 Minutes
14c569d173236d1a7368d095f67376a185eb97e2,2016-12-22 08:21:57 -0500,The Agile Landscape by Chris Webb - V0.1 & V3
871346d004b2e7442bc333e0a77837bec21ef68c,2016-12-21 17:21:52 -0500,GECCO 2017 - Call for Papers
e9c25d6d0cef12389c6d72bbd6b71e11b16beab6,2016-12-16 15:09:08 -0500,Spring Boot Reference Guide - 1.4.2.RELEASE
7551c2c076766c0748584629c972498625ef37f2,2016-12-15 09:06:50 -0500,OpenSCAD - The Programmers Solid 3D CAD Modeller
23042db08c0a196b1f0e9a8444ed150512783be4,2016-12-14 10:32:53 -0500,Apache Spark: Config Cheatsheets
6e64d5f5c363afc61627361081e36c7589f2d6b7,2016-12-13 10:52:10 -0500,TV Simulator
84f73b653d31ea4357cf0e4014ad51d23b47352b,2016-12-12 08:54:18 -0500,updating references and use case for Flask
ed8082d4c3891ac300657d57b7b82e0755d8ddf5,2016-12-12 08:32:05 -0500,CloudSort Benchmark - Spark new world record
449ef72152a719dfa75cc0dea676d342011fbc2b,2016-12-07 15:03:11 -0500,GIT-FLOW Cheatsheet
43e4f30ee4a9ca0c827b6ed98cb3239a8bcc6aef,2016-12-07 09:21:34 -0500,The Twelve-Factor App ( Metodology )
87556df89a0ea11017b57d1ad68266cc824e79ef,2016-12-06 15:53:17 -0500,IDEAD & RePEc
0c343369731762170f79fffefdb45dbe0178fbc8,2016-12-06 08:33:11 -0500,JAS-mine additions
d9b5e26134cf2b1582d039932f3ccc656c62e86a,2016-12-06 08:26:05 -0500,Added BrightScript section
7d3f919fd8ce9bea1d1dcb6cc09ddde0896e15ae,2016-12-05 09:56:28 -0500,JAS-mine is a Java platform that aims at providing a unique simulation tool for discrete-event simulations & Eclipse Plugin
9e163757b40c539a3baec0eee2304055a454b700,2016-07-01 07:45:42 +0200,Gulp
b3b68e80b065109907cdd8130ffebfe966dd9ddd,2016-06-30 14:34:30 +0200,Datamill & RxJava
b944bf0d4d3097e049e3734d8ac87561de918e50,2016-06-30 12:41:12 +0200,Vert.x - reactive applications on the JVM
e7b3df8eee3e3fa738823bdbc32097cc0a516f40,2016-06-26 22:37:24 +0200,Merge remote-tracking branch 'origin/master'
0e3aff22099fbd75bc1964ba83bb16bd9b2d682f,2016-06-26 22:35:59 +0200,Swift.org Open Source
ade16cf79a7830ee9c3350420df03b20c17b7630,2016-04-26 04:46:56 +0200,Groovy Saving Objects Stuff
49e9702fb75854e7c7b24afd3583647a706cf1c8,2016-04-25 04:22:54 +0200,thebackroomtech for IP Address From a MAC
4df38b4907eeb1203690bb677eb9c4b6e70d5cbb,2016-04-21 04:39:36 +0200,ORION PROJECT ECLIPSE
65473661503179ca1ce55bdfec1d1bbf2155968c,2016-04-21 04:39:02 +0200,JSON EDITOR ONLINE
16dbcc131b346cf7c19558ace6d059e66e13c2af,2016-03-15 13:14:02 +0100,Jar Comparators
a857a61c61958574a71d52e96b51fe414925ce1d,2015-07-16 14:11:18 +0200,System Rules  - JUnit Testing for System.exit
24db6ec0cbb71ae8cc64928926fcbf235bb90a8b,2015-07-15 15:23:41 +0200,GeekCode
25e5666b381ba7f5ec2a188db7c8c26bb93e682c,2015-07-14 18:23:15 +0200,Startupxplorers
253018347eb95c88ba73111c452e516bd74e9f87,2015-07-13 16:35:33 +0200,appear.in
405e82a6770942a827043664ccc1b6034a83414a,2015-07-10 16:14:55 +0200,FerriEnvironment for Development - Init
c3960b01c224180e93716b14a0e75f201a1731ee,2015-07-09 18:24:23 +0200,The Netty project
daa2ed932c425ff2366dae0f4a6ccac6bbf0bb6b,2015-07-09 17:41:10 +0200,Visual Studio Code
ce53c0adef36dfde005354cb2525437c4b54a680,2015-07-08 12:49:09 +0200,SonarQube - “Sonar”
865ad383326314262b07048e1c9878cd3381b9a0,2015-07-07 19:09:50 +0200,Sticky Bit  --- Web Framework Benchmarks
fc19f3eb0e1c6bc1ff30e992cee535a0588d78c3,2015-07-03 14:52:08 +0200,Spark - A tiny Sinatra inspired framework for creating web applications in
db8b7dc6abbb30ec279ba3f8bfaa33739deb3295,2015-06-24 16:15:12 +0200,RegexTester
6fc642d6bd98dd108d215ef1ab88e673a2105d90,2014-05-23 10:50:03 +0200,Storm - New web - apache incubator
a99851145600d3c7e34f34bd8ac01fc7a7ac5599,2014-05-16 06:44:27 +0200,winPenPack: Portable Software Collection
361f5a1df27ce03dd5f6aff5e040cf85be185752,2014-05-08 16:49:46 +0200,Apache Jena
77eda9cf275bf2634b949332158ab109ccb0c6b9,2014-05-04 14:17:52 +0200,tefacturamos.com
22ac48570d2cc2b332981390e5bb6ca58de9fb0d,2014-04-27 08:56:56 +0200,XQL and Related Stuff
365013c3003fd1f0dcb86ca96451d6341ecc6f4a,2014-04-21 17:56:22 +0200,Links Neo4J
dd87dbbcf59f713119b2da0e5ff613bbaf8cb3d3,2014-04-19 11:53:06 +0200,Cropti
a9e0364356cf3632612e66111d4c06e626b8c15e,2014-04-19 11:50:28 +0200,TransferWise
ec0c43541ea3fb4db0518f37d24807e82c8421a6,2014-04-14 22:53:25 +0200,KML Interactive Sampler
4489f13043842d2ca63eeb821dcef1f9df412d81,2014-04-11 13:40:38 +0200,Gradle
4e0559bb4180cb66e0201a41f281556f36fe402a,2014-04-11 12:17:19 +0200,TileMill
43bfc282a5609ca7faaccab3c0b74282604bcd6d,2014-04-11 11:29:11 +0200,Neo4j Spatial
5c4f3b3e2248ded762ab0489cdc7695493f61283,2014-04-10 11:33:41 +0200,IndoorOSM
d03a6fb3676f41bfda42741ebe454a424e9bff03,2014-04-07 01:49:08 +0200,Pasos para Autonomo ES
7d7bd438241ff66dd8099b7af144a2a51875f56a,2014-04-04 11:25:29 +0200,Tutorials Neo4 - 1:
13dc7b7f2a8f0f6aae6eab026261e4ce0967682e,2014-04-01 14:01:53 +0200,sigmajs - an alternative to D3.js
d0b377438fd936905ecfd519bca149e8447ab735,2014-03-31 10:55:05 +0200,Spring Data Neo4J
77c7bc820f678af4d625644813bf2627f71e9017,2014-03-26 15:55:17 +0100,NixOS & CIA
f6d4abc577e6cc4b112d5c4caf33f9f982fe79dc,2014-03-24 20:21:15 +0100,Article:  Modeling the Semantics of Contextual and Content-specific Research Metadata
ddabc86c094c52f6949ec5079a084471e2fbd314,2014-03-24 20:17:25 +0100,Data Catalog Vocabulary (DCAT)
ede7861c3822324b9353124d4b37384720583f91,2014-03-24 20:16:36 +0100,Project Open Data
cc1c68e0cc0f920492ed8fd56bc5793dc7b4e543,2014-03-20 11:20:06 +0100,Made in NYC
abd5099d297af7c59bd29dd644cc1fd984a68be9,2014-03-20 10:55:04 +0100,Flask  --  Pickle
2252a4ebbe2316bec1bcc4405223a163de3803a1,2014-03-19 09:23:44 +0100,datasurces: FAOSTAT & RASFF
d223ba142a4ac8994123d0ff756cce94612ff979,2014-03-17 18:34:43 +0100,iSeeYou: Disabling the MacBook Webcam Indicator LED
3c9581844a475f6f8915fd4a8d3e50aa95110103,2014-03-06 17:30:19 -0500,These 5 Pillars Will Help You Make Serious Career Progress
6b477820a7af3f86f229aaab887dc8735386b069,2014-03-05 15:05:12 -0500,Epoch Converter -  A Unix Time converter  _ references
ac4f976c1a4865f04de54d94a1465355298971cd,2014-03-05 10:42:47 -0500,Ohloh: Free and Open Source Software
4b734509bb43dd713d72b6bd4e0084682784a2d0,2014-03-05 10:41:29 -0500,Tips Before Upgrade to Mavericks
ad9b8a21b496794419ba3797b8e769146014b48c,2014-03-04 21:11:52 -0500,Clicky - Comparative Web Analytics Market Options
ba36592a1317ce33e40e4f3def72d1d8413b24fd,2014-03-01 22:40:34 -0500,Lynx on Mac
763e35261de62498c00e6fec5c8233e4060626cc,2014-02-28 09:38:53 -0500,ATOM
0d696c7efd68fe202c73df13796c88b05ca61afc,2014-02-21 21:04:52 -0500,BUG TRACKERS
21edfaba3b062cfe2801de90ff4c9da1101a6bde,2014-02-19 15:43:52 -0500,DARKCOIN --  Litecoin
a1352a5f36e98808d172fbb54d02563f39258d1a,2014-02-18 20:43:52 -0500,WALLWATCHER - IntelliJ IDEA Code lines
3718fbf8d6330cbd315f6e0c0382fd74d0f20857,2014-02-17 12:37:00 -0500,LINQ - Language Integrated Query
a6ad61fb32c69cf5bec4170020c0d6c313fb211d,2014-02-13 15:11:59 -0500,Sprite Kit
4ff3506fa3cdbaa8322252f0e3ffba3a3ea74707,2014-02-13 15:11:36 -0500,Web development Tutoriales/Libros Web / English/Spanish
62a305d515fbaa87b49241c086b3fc5bb35972aa,2014-02-12 09:32:44 -0500,Blog Entry about Recruiting
393116d809768cf3ef4fcdb6a58d4eebeb6f23e9,2014-02-12 09:29:34 -0500,Readme.md Notation for Indicators of Progress GitHub
ddb51b7ebade08e4b3a11396d398fcedbffe84db,2014-02-12 09:27:17 -0500,BandCamp ---  The Association for Computational Creativity ---  tlk.io
516fe1d3f1306b9c035e80da64555c7e73e52b72,2014-02-10 11:20:04 -0500,Learning Theory interactive Map
d1236c4fe1b3b69612f6cc91f85e3f67b8e4f362,2014-02-03 22:37:32 -0500,MomentCam
45b23fc2c99ae1af7b178cf8b26d28c3c1d1aadf,2014-01-31 18:34:31 -0500, New Orleans Jazz & Heritage Festiva
f0fa1e805ba86c3c81a95c77b01071249a5a9e34,2014-01-30 12:36:57 -0500,Spain Multimedia Devices Company
30b364be786d4f51a0e23ce10032b75ab2daadb9,2014-01-25 22:00:25 -0500,Dart with Java -  reference Q&A
bd18c02f30afbf9693beba8f39a08fe4db907c59,2014-01-09 19:20:39 -0500,Recurso potestativo de reposición
083b0e7783d9d6226eb5fea41e5454471bd4a7c0,2013-12-27 01:00:22 -0500,Coursera Alternatives
cf3d089a2540a83ead86cc25b1de55a8aa55b565,2013-12-18 21:12:56 -0500,Dark Language --- Guacamayo Project --- The Yocto Project
80352d6bdecb85504e96a0979d4bceccdb864a8f,2013-12-16 20:53:08 -0500,Gas stimation trip!!!
b252078d3b5b847ab11c8d5facdd38140b1d3563,2013-12-13 08:39:35 -0500,Android System Info - App
5140e1ac5b37a1d9d4f9315f366f6a81a0a52025,2013-12-12 09:10:38 -0500,Docker
ceccb5fd67c715edbb242cdce11aaeb6e92fe41a,2013-12-10 15:20:20 -0500,Storm   --  IPtables tutorials
d7ea683c90f8c579e9726fa306d83437e96d3957,2013-12-09 23:38:09 -0500,Ujorm
e610b5ea97ba1ace6852c233fa9d0eaed805a8ab,2013-12-09 01:24:39 -0500,Java Instrumentation --- Linux tutorials
91ff81eabc4e54d1ab1920f79dcbc32fa6062121,2013-12-08 00:14:59 -0500,1 Open Source Bug Trackers --- Java Caching System
09eaea089385f26daad3b7d670f6f83c82b1ab83,2013-12-07 12:29:18 -0500,DAA: Digital Analytics Association -- Bootstrap: front-end framework
54cc59f5c80a05c4661fb6ca5a120bc82e4b3997,2013-12-06 13:10:21 -0500,The user specified as a definer ('root'@'%') does not exist
e5dd19b19d2fd459cee6d724827306b9502c287d,2013-12-06 00:43:07 -0500,MySql: Thread stack overrun
289b17daa65f8c7c75e802c839b31b676a11c698,2013-12-02 21:42:33 -0500,Self-Regulatory Program for Online Behavioral Advertising
f0d7250eb894119e4daa520f57478d43e8b4923d,2013-12-01 10:32:15 -0500,Fiscalidad'Javascripters ---- JavaCV
ca3ae56e06499d4fdd7ec80e56ff5d4358587f3a,2013-11-30 11:08:33 -0500,Jenkins & PHP and Related Book
24ee6c249d55b3cfa63abab43d3a9341e053a307,2013-11-30 09:57:47 -0500,SSH files transfer -- Photo Blog Colombia -- DataNucleos
f09e92414c55887d601979ecb4808f58b05cd5ce,2013-11-29 18:21:25 -0500,Fonts CC
1a915f7268b3ef2020d112d614b4d84ed5873ed3,2013-11-26 01:21:53 -0500,Latex Slides && MOOC music
d0bc3d513c53bd537813ea27daae45d60450df37,2013-11-25 17:03:59 -0500,Firefox OS Links & Interstitial
a7d20c3867efe83ab4ee726cd4315ecf7e86d02d,2013-11-24 16:21:09 -0500,Xtend is a flexible and expressive dialect of Java
dac75cc87b2a461d92527205fb61a626df169db0,2013-11-23 20:33:47 -0500,Ad Networks Detector App for Android
75554b2aa333ba1d580f188818d9fa085ce46e8e,2013-11-23 00:41:24 -0500,Gaming Devices - Razer Brand
f4596c7e1113a6b93250899ebff173277a95c4e2,2013-11-22 16:41:32 -0500,Bitcoin Resources
d42ff3f66cdb72c60ec460dd18fed6f016949c7b,2013-11-21 13:59:55 -0500,More about marshalling to XML/JSON
d6aad1729ef2fa48290c2c707cc05606e8dd574c,2013-11-21 11:03:15 -0500,Adding Classes to the Runtime Marshaller
49b0df1a65a230a5cad6334905ea9f530016dfec,2013-11-21 00:00:04 -0500,RebelMouse
8e43b7af2c6f3e5d6c7e075bdab0a2ced39bdb84,2013-11-20 01:36:01 -0500,NY Tech Meetup
d50aa81002274c629fefcc41644c0e57cf82e1c6,2013-11-18 01:51:14 -0500,Grive
1c6ad66e3a804f9740fd7c1287597cb2078af075,2013-11-13 12:38:09 -0500,Cloud Backup Service
a38ee31cb84183570a6513df2184715c5e77a32b,2013-11-12 22:36:21 -0500,Links: Apache APC, HTTP performance , and MySQL Tuning
750e0b3c775ac1f7355b67d89ba142a2058e583c,2013-11-09 12:29:40 -0500,Apache Cayenne Advances Topics at WOWODC2013
a47bfa903684c4e12e5b444544dd1f56b54c10ca,2013-11-07 21:23:24 -0500,Social Media Icons
f2bd729bee16bbd2e16d601514054fda1a55928e,2013-11-07 17:54:25 -0500,Startups links - Amazon EC2 stuff
52b31367f5bc6daf01c94420450ff69c3d06eb84,2013-11-06 21:53:38 -0500,Jersey and Cayenne
552e791c1a3e0fdec332b0eed88a6579a35cd0de,2013-11-06 21:24:38 -0500,REST with Java (JAX-RS) using Jersey - Tutorial
7b66d4116d5a874edc6cf8feb0ffad395c2f9cef,2013-11-06 21:19:05 -0500,Recover MySQL root Password
72621e89f02f36db77cf43a9b085b383e1c7a123,2013-07-29 16:30:20 +0200,HTC Lock Screen  -- Multi Simcard
645159d08a4fdcc76a265548280698de9e9857b4,2013-07-29 14:43:39 +0200,Android Lock Screen
a4e3c9d8e4a96583851062c53b83a827b341f873,2013-07-13 13:09:30 +0200,varios
11a896672330f0d08c0b0a1fd67678c4a17d7075,2013-06-28 10:19:15 +0200,Project Falcon - Gephi
5fd780efe37f56da364e64c71f9207a1a1911277,2013-06-27 19:03:24 +0200,Openpaths
f5fb5644228c105a9e55714de84b863cb0a4ad0b,2013-06-26 14:40:46 +0200,Antena 3 Product   -   POPCORNJS
7e0ebc7ddbea6f7797a23c0489192039b7e79993,2013-06-25 14:21:31 +0200,TABLEAU HW -- UDEMY
c55a7cbb6115837da90f89955225203770390f45,2013-06-21 12:57:08 +0200,Merge branch 'master' of https://github.com/emecas/My-Notes
d5700b2c3fdf226384180729cd27ad22f045ccdd,2013-06-21 12:56:22 +0200,ABA
b902da41477137f5c4355e4b3bd39b5e07f21252,2013-06-21 12:50:48 +0200,local aba
0ea1d9b6d97162874162209dfada057ddc7e4885,2013-06-13 16:36:54 +0200,IGNITE for M-Audio49
94ce38ad12a98b41126d42c2bc8ec61ac104aa0e,2013-06-13 16:27:50 +0200,Launchpad S and Launchpad
f260c1717a721f45314f0ac9f43a4b6c00e3f399,2013-06-13 16:22:52 +0200,Processing & Open Data
2dd362bbf125b8d1f50d1b62d9e6d64a51dc1327,2013-06-13 15:55:32 +0200,Infographics Software Metrics of Firefox 19 vs Firefox 20 using D3
5386eada8c29981d9e506d454fa4e8f098730fd8,2013-06-13 15:12:50 +0200,Data visualization with D3.js and python
01c4db22602ab61c1509c083f2621fbf06eec51f,2013-06-13 15:10:53 +0200,cc
1ce8fef8c166cc1b6f9589b7405643f2e8c10e72,2013-06-13 15:10:15 +0200,Merge branch 'master' of https://github.com/emecas/My-Notes
6d8e47bb5d357d356e6243d001907691e7413b8e,2013-06-07 12:41:51 +0200,Backing Up Subversion Automatically
fdc972ab32401fda817a73e3de1b52b3030985e0,2013-06-07 09:15:21 +0200,Python - replace long if/elif chain with dict mappings
d796f78bab75b26da146db6a67b735f827e7762c,2013-06-06 16:47:11 +0200,Apache Pig Philosophy
1c3f868e9927f06894ee20e09f4295b1f0e0f1da,2013-06-05 17:17:14 +0200,Tropos ---  gource
4538c86b4f416e70f2ca9dceb5a9437f03a3d87d,2013-06-04 15:46:19 +0200,Correlation database
a6ce5b01ffc24d2817f73f58896819d23040df2c,2013-05-30 17:55:32 +0200,Pivotal Tracker
8015493ed53afb4b79e6e3624e3d9053c5c05a03,2013-05-29 17:43:56 +0200,Scholarpedia
36dedb575ac68fb78fefc86e6d098a47e372f12a,2013-05-23 16:13:53 +0200,Python Removing from List
1b11eb4962cc3eb52837067464810c14d198c658,2013-05-21 12:55:47 +0200,Infobright
85b706b4a2b4df6cfff80c15f4442c62456cfe5f,2013-05-20 11:44:10 +0200,getusvpn
a2a085b545babf7467d178905c4366b21cf92a08,2013-05-18 17:22:28 +0200,Community Projects JBOSS
ef852a77cc935d5421309e3691572bf8877c412f,2013-05-16 11:21:12 +0200,www.paywithatweet.com
32dc308b7bda6c78b9fd656b554b650d1d194c64,2013-05-11 02:17:41 +0200,Windows Phone 8 Run Tracking App
44c1b93f2a33bf97e53189412996bd3fd8847c7c,2013-05-11 01:24:00 +0200,http://www.pawfal.org/ asociados
00c0c7a34b9a376f50afac8255c21ecadeb5c70b,2013-05-09 14:53:11 +0200,LibreSoft  --  PlanetUbuntu
e630effe1ce65188de1646dadf7c2dd3832bc61d,2013-05-07 15:12:27 +0200,Digital Units of Measure
c05fb1d8fe81afd1ee95bb846c09ed61d889d2ff,2013-05-07 14:38:22 +0200,Vertica Database
2cf7118ed3a5e8023499e3e1707977993dfe0dfc,2013-05-07 14:29:14 +0200,PowerShell
8387edc09658cd5622f76ac4389b310b532cc266,2013-04-28 20:10:52 +0200,Python - Intermezzo: Coding Style
1cb8aff92e6e3408c2a14270c4a61f7c4a0c15c6,2013-04-24 22:51:33 +0200,NoSQL Index
77c4996fa8c9ff457f08932a9d044936220de041,2013-04-24 22:48:40 +0200,Hadoop
d1279ddcfce0077170d8b2d6b154c3d0b3069a03,2013-04-23 17:10:09 +0200,MariaDB -- SkySQL
2b375413b675a4d0558015862b74fb6a802e38df,2013-04-20 22:51:22 +0200,OpenCore
45ad121302652eab16f01f00c84a73858ec1ea9c,2013-04-19 02:59:13 +0200,Proyecto Clone Wars
bd5bedeb9d817f8e7cdf2ffef5b6b6424ec30dc0,2013-04-16 19:44:46 +0200,http://www.change.org
1c493c19311a49dc925a07f1b2b3d931ebbedc0b,2013-04-16 19:42:36 +0200,Merge github.com:emecas/My-Notes
945be34aaf56c8b1803193dff01e039ab3cd124b,2013-04-16 19:39:40 +0200,www.change.org
34b3798946b2bca6c07e989180944eaf642b3084,2013-04-15 09:31:28 +0200,operator precedence phyton
db6a37686d580c6e1eb6e85411c7683de6555ab7,2013-04-13 23:42:31 +0200,FOG Project
8c7116c1d6f18371a5bd48994f19bd1147c39d87,2013-04-11 09:55:54 +0200,itextSharp
4a678914460b87d150976d1f3c3d987950e98c9d,2013-04-10 17:54:03 +0200,JSFiddle
c6dbd7396022b9864dc0219a19a69a21183de09a,2013-04-10 15:39:45 +0200,JXDatePicker   -- Knapsack problem
c12ea5f646f9c6e7df071cb36924762882d98570,2013-04-10 01:20:59 +0200,fixing
b3d2af4e4a6e534713f0b2219a2f15071fbac2c9,2013-04-10 01:18:48 +0200,Revert "Optimizing MongoDB Compound Indexes"
7132d2d8a97c0bd6b347a3139d17cd648391bfb6,2013-04-10 01:17:21 +0200,Optimizing MongoDB Compound Indexes
229c16ea4495a594fd812ebad411c08246fb7424,2013-04-02 20:07:24 +0200,XStream
c8797502d41375ac7d1795390c1b0fea8138e1d5,2013-04-01 02:17:09 +0200,MongoDB Vs SQL
328a05b29d9b12fa3eb97262df7c84f4ee896202,2013-03-29 14:25:23 +0100,SQLFiddle
6288d723355ff98fbf4f00f5a3dcca437e5724bb,2013-03-28 11:03:39 +0100,code4reference -- Jenkins CI
a47f912c17c29834140514dc85c82e105a23932e,2013-03-27 21:34:52 +0100,HtmlUnit -- Selenium
79005d7978a394661cf60eabb8fac8f9b0f49bda,2013-03-27 10:12:09 +0100,httpfox -- openFrameworks -- CreativeApplications.Net
3eb9412d4b5eeaea909ea2dc5d0d706be975e54b,2013-03-25 21:43:11 +0100,Android Airplane  --- Tasker  ---  MigLayout --- TodoMVC
adb4ace8d473ab26dd8dfea44d1ea61ea9cbb02e,2013-03-25 09:22:26 +0100,Xuggler
b1ad4159c86b9a96e75825b5ba06b60093405f31,2013-03-21 19:39:24 +0100,CNR 2013 dia 1
28552183cff8bc1124bdd3e6db00c6925721993f,2013-03-20 22:39:16 +0100,external Mac drive read-only
c2495a2ccffcf282404fd5b9de398e0cf7b49031,2013-03-19 21:20:09 +0100,Sublime editor y Java+dlls
12d26b07cc647330fa0cb3a2dab8110fc556d347,2013-03-19 03:27:59 +0100,Plunker
fa88d422ae1bb085bff8ab11a8b095cd6b645fd1,2013-03-19 00:32:33 +0100,Scratch
57de36bf840bd97a33cc23a8a8044b6bafe6e9d6,2013-03-19 00:14:22 +0100,dokuwiki
35b6a2910a2060b1131c8abfdaa793ff00f14eb9,2013-03-17 03:08:02 +0100,Homebrew  & Neo4j
2f08dceb3de61587913de923752efd97d32031a0,2013-03-17 01:16:48 +0100,MongoDB as Service on MAC
f0419207713546196862036588ca623758929d2c,2013-03-15 22:01:50 +0100,GIT official web site
6bdcdade716c21ceb179f7317e68669bf31d3985,2013-03-14 02:30:45 +0100,Clusterfck
eafe70861688fe03b69d56efbc534790ad9f6fc0,2013-03-13 21:19:37 +0100,same anterior
7db450b4ce7a5522a186a89d64d0f631483773e0,2013-03-13 21:17:18 +0100,CURSOS MOVIL - CULTURELAB - CURSOS CARTOGRAFIA
3a002f6a6c6b12b4a941dcf1bdf7f9d51a0f06c6,2013-03-13 20:10:26 +0100,OpenRefine
42c914838053f9436e7be74d568ccb7f11a9586b,2013-03-13 18:51:47 +0100,Chocolat
ea6d6bb8ef0bfdcd3d9352c34ba913bcbff2bf05,2013-03-13 14:51:20 +0100,Necessitas
3850341814475b9caa37ba4b6148990b281274e9,2013-03-13 13:42:46 +0100,What is ANTLR?
4139fb23242e2b15f0d8af2f1e26b27e2c913eab,2013-03-13 13:26:27 +0100,FIREBUG - FIREFOX PROBLEM solution
b0847e01ed9ff44aeacf78cf8db5e62d023d0fec,2013-03-12 18:44:27 +0100,Cucumber
0581d75823daf24041dd731f2b772869ca0318b2,2013-03-12 12:03:49 +0100,track system ... plugin Stack O ... Joda TIme API .. Codeplex
bde390cd48046ccbe2a25dc6ee37fa6156ef4da8,2013-03-12 11:42:09 +0100,FasterXML y Jackson
80e84c44ca827e844f1008751926f09cde34817a,2013-03-12 10:25:16 +0100,Code coverage
e8ac83f3cc082c5c2115ba2434ae13d5b9e3444a,2013-03-12 03:06:09 +0100,New Link
73253b3ca3be8d815505d9263f7824225146facb,2013-03-11 12:03:51 +0100,Mas links
3a77c60e0ebfdcfd6a3e5ece84a29b3856e701da,2013-03-10 14:06:54 +0100,New Links
db229a9277d0a469a726e4779c9da5f727bfc7b6,2013-03-08 20:45:11 +0100,personal links
755f831eb42faf8da564e19f56df07338cd60ac9,2013-03-08 19:50:22 +0100,Merge remote branch 'My-NotesRemote/master'
e4fab50f193ab5ddc6ed5a364107086e64b20e48,2013-03-08 19:39:00 +0100,inint commint
34f35b9d86d7959f08dcf50e2b9c6ddb7062aa66,2013-03-08 10:37:52 -0800,Initial commit
